amino_acid	codon	frequency
K	AAA	353306
N	AAC	231742
K	AAG	359163
N	AAT	259468
T	ACA	179100
T	ACC	111831
T	ACG	85286
T	ACT	193015
R	AGA	216348
S	AGC	127853
R	AGG	121141
S	AGT	162959
I	ATA	149483
I	ATC	203009
M	ATG	275790
I	ATT	243830
Q	CAA	221218
H	CAC	95334
Q	CAG	165429
H	CAT	158162
P	CCA	180574
P	CCC	58102
P	CCG	92640
P	CCT	205598
R	CGA	71427
R	CGC	41499
R	CGG	54290
R	CGT	97295
L	CTA	115139
L	CTC	176756
L	CTG	111458
L	CTT	272786
E	GAA	392327
D	GAC	187759
E	GAG	355754
D	GAT	412489
A	GCA	194655
A	GCC	108602
A	GCG	96073
A	GCT	301514
G	GGA	262475
G	GGC	98985
G	GGG	113193
G	GGT	238146
V	GTA	115261
V	GTC	138185
V	GTG	191438
V	GTT	300979
*	TAA	9973
Y	TAC	148961
*	TAG	5655
Y	TAT	168192
S	TCA	211144
S	TCC	124766
S	TCG	104187
S	TCT	285703
*	TGA	11899
C	TGC	83683
W	TGG	139337
C	TGT	125463
L	TTA	149737
F	TTC	228654
L	TTG	239968
F	TTT	252861
